map	mrr	p@1	p@5
0.6994831562042236	0.852633535861969	0.8000000715255737	0.6133334040641785
