map	mrr	p@1	p@5
0.5656328201293945	0.9376419186592102	0.9151514768600464	0.8509090542793274
