map	mrr	p@1	p@5
0.559489905834198	0.8989558815956116	0.8606060147285461	0.7975757718086243
